"Line","FHB1"
"2024-UESRWWN-1","NEG"
"2024-UESRWWN-2","NEG"
"2024-UESRWWN-3","NEG"
"2024-UESRWWN-4","POS"
"2024-UESRWWN-5",NA
"2024-UESRWWN-6","NEG"
"2024-UESRWWN-7","NEG"
"2024-UESRWWN-8",NA
"2024-UESRWWN-9","NEG"
"2024-UESRWWN-10","NEG"
"2024-UESRWWN-11",NA
"2024-UESRWWN-12","NEG"
"2024-UESRWWN-13","NEG"
"2024-UESRWWN-14","POS"
"2024-UESRWWN-15","POS"
"2024-UESRWWN-16","POS"
"2024-UESRWWN-17","POS"
"2024-UESRWWN-18","POS"
"2024-UESRWWN-19","POS"
"2024-UESRWWN-20","NEG"
"2024-UESRWWN-21","NEG"
"2024-UESRWWN-22","NEG"
"2024-UESRWWN-23","POS"
"2024-UESRWWN-24","NEG"
"2024-UESRWWN-25","POS"
"2024-UESRWWN-26","NEG"
"2024-UESRWWN-27","POS"
"2024-UESRWWN-28","NEG"
"2024-USSRWWN-1","NEG"
"2024-USSRWWN-2",NA
"2024-USSRWWN-3","NEG"
"2024-USSRWWN-4","NEG"
"2024-USSRWWN-5","NEG"
"2024-USSRWWN-6","NEG"
"2024-USSRWWN-7","NEG"
"2024-USSRWWN-8","NEG"
"2024-USSRWWN-9","NEG"
"2024-USSRWWN-10","NEG"
"2024-USSRWWN-11","NEG"
"2024-USSRWWN-12","NEG"
"2024-USSRWWN-13",NA
"2024-USSRWWN-14",NA
"2024-USSRWWN-15","NEG"
"2024-USSRWWN-16","NEG"
"2024-USSRWWN-17","NEG"
"2024-USSRWWN-18","NEG"
"2024-USSRWWN-19","POS"
"2024-USSRWWN-20","NEG"
"2024-USSRWWN-21","NEG"
"2024-USSRWWN-22",NA
"2024-USSRWWN-23","NEG"
"2024-USSRWWN-24","NEG"
"2024-USSRWWN-25","POS"
"2024-USSRWWN-26","POS"
"2024-USSRWWN-27","NEG"
"2024-USSRWWN-28","NEG"
"2024-USSRWWN-29","POS"
"2024-USSRWWN-30","POS"
"2024-USSRWWN-31","HET"
"2024-USSRWWN-32","NEG"
"2024-USSRWWN-33","NEG"
"2024-USSRWWN-34",NA
"2024-USSRWWN-35","NEG"
"2024-USSRWWN-36","POS"
"2024-USSRWWN-37","NEG"
"2024-USSRWWN-38","NEG"
"2024-USSRWWN-39","POS"
"2024-USSRWWN-40","NEG"
"2024-BLANK-1",NA
"2024-BIGSIX-101","NEG"
"2024-BIGSIX-102","POS"
"2024-BIGSIX-103","NEG"
"2024-BIGSIX-104","NEG"
"2024-BIGSIX-105","NEG"
"2024-BIGSIX-106","NEG"
"2024-BIGSIX-107","NEG"
"2024-BIGSIX-108",NA
"2024-BIGSIX-109",NA
"2024-BIGSIX-110","NEG"
"2024-BIGSIX-111","NEG"
"2024-BIGSIX-112","NEG"
"2024-BIGSIX-113","NEG"
"2024-BIGSIX-114","HET"
"2024-BIGSIX-115","NEG"
"2024-BIGSIX-116","NEG"
"2024-BIGSIX-117","NEG"
"2024-BIGSIX-118","NEG"
"2024-BIGSIX-119","NEG"
"2024-BIGSIX-120","NEG"
"2024-BIGSIX-121","HET"
"2024-BIGSIX-122","HET"
"2024-BIGSIX-123","POS"
"2024-BIGSIX-124","NEG"
"2024-BIGSIX-125","POS"
"2024-BIGSIX-126","POS"
"2024-BIGSIX-127","NEG"
"2024-BIGSIX-128","HET"
"2024-BIGSIX-129",NA
"2024-BIGSIX-130","NEG"
"2024-BIGSIX-131","POS"
"2024-BIGSIX-132",NA
"2024-BIGSIX-133","NEG"
"2024-BIGSIX-134","HET"
"2024-BIGSIX-135","POS"
"2024-BIGSIX-136","POS"
"2024-BIGSIX-137","POS"
"2024-BIGSIX-138","NEG"
"2024-BIGSIX-139","NEG"
"2024-BIGSIX-140","NEG"
"2024-BIGSIX-141","NEG"
"2024-BIGSIX-142","POS"
"2024-BIGSIX-143","NEG"
"2024-BIGSIX-144","NEG"
"2024-BIGSIX-145","NEG"
"2024-BIGSIX-146","NEG"
"2024-BIGSIX-147","NEG"
"2024-BIGSIX-148","NEG"
"2024-BIGSIX-149","POS"
"2024-BIGSIX-150","NEG"
"2024-BIGSIX-151","POS"
"2024-BIGSIX-152","HET"
"2024-BIGSIX-153","POS"
"2024-BIGSIX-154","POS"
"2024-BIGSIX-155","POS"
"2024-BIGSIX-156","NEG"
"2024-BIGSIX-157","NEG"
"2024-BIGSIX-158","NEG"
"2024-BIGSIX-159","POS"
"2024-BIGSIX-160","POS"
"2024-BIGSIX-161","NEG"
"2024-BIGSIX-162","POS"
"2024-BIGSIX-163","NEG"
"2024-BIGSIX-164","NEG"
"2024-BIGSIX-165","NEG"
"2024-BIGSIX-166","POS"
"2024-BIGSIX-167","POS"
"2024-BIGSIX-168","POS"
"2024-BIGSIX-169","NEG"
"2024-BIGSIX-170","NEG"
"2024-BLANK-2",NA
"2024-BIGSIX-201","POS"
"2024-BIGSIX-202","NEG"
"2024-BIGSIX-203","NEG"
"2024-BIGSIX-204","NEG"
"2024-BIGSIX-205","NEG"
"2024-BIGSIX-206","NEG"
"2024-BIGSIX-207","NEG"
"2024-BIGSIX-208","POS"
"2024-BIGSIX-209","NEG"
"2024-BIGSIX-210","NEG"
"2024-BIGSIX-211","NEG"
"2024-BIGSIX-212","POS"
"2024-BIGSIX-213","NEG"
"2024-BIGSIX-214","NEG"
"2024-BIGSIX-215","POS"
"2024-BIGSIX-216","POS"
"2024-BIGSIX-217","NEG"
"2024-BIGSIX-218","POS"
"2024-BIGSIX-219","NEG"
"2024-BIGSIX-220","POS"
"2024-BIGSIX-221","POS"
"2024-BIGSIX-222","NEG"
"2024-BIGSIX-223","POS"
"2024-BIGSIX-224","POS"
"2024-BIGSIX-225","NEG"
"2024-BIGSIX-226","NEG"
"2024-BIGSIX-227","NEG"
"2024-BIGSIX-228","POS"
"2024-BIGSIX-229","NEG"
"2024-BIGSIX-230","NEG"
"2024-BIGSIX-231","POS"
"2024-BIGSIX-232","POS"
"2024-BIGSIX-233",NA
"2024-BIGSIX-234","NEG"
"2024-BIGSIX-235","POS"
"2024-BIGSIX-236","NEG"
"2024-BIGSIX-237","NEG"
"2024-BIGSIX-238","POS"
"2024-BIGSIX-239","POS"
"2024-BIGSIX-240","POS"
"2024-BIGSIX-241","NEG"
"2024-BIGSIX-242","NEG"
"2024-BIGSIX-243","POS"
"2024-BIGSIX-244","POS"
"2024-BIGSIX-245","POS"
"2024-BIGSIX-246","POS"
"2024-BIGSIX-247","POS"
"2024-BIGSIX-248",NA
"2024-BIGSIX-249","NEG"
"2024-BIGSIX-250","POS"
"2024-BIGSIX-301","NEG"
"2024-BIGSIX-302","NEG"
"2024-BIGSIX-303","NEG"
"2024-BIGSIX-304","NEG"
"2024-BIGSIX-305","NEG"
"2024-BIGSIX-306",NA
"2024-BIGSIX-307","NEG"
"2024-BIGSIX-308","POS"
"2024-BIGSIX-309","NEG"
"2024-BIGSIX-310","POS"
"2024-BIGSIX-311","NEG"
"2024-BIGSIX-312","NEG"
"2024-BIGSIX-313","NEG"
"2024-BIGSIX-314","NEG"
"2024-BIGSIX-315","POS"
"2024-BIGSIX-316","NEG"
"2024-BIGSIX-317","POS"
"2024-BIGSIX-318","NEG"
"2024-BIGSIX-319","NEG"
"2024-BIGSIX-320","NEG"
"2024-BIGSIX-321","POS"
"2024-BIGSIX-322",NA
"2024-BIGSIX-323","NEG"
"2024-BIGSIX-324","NEG"
"2024-BIGSIX-325","POS"
"2024-BIGSIX-326","POS"
"2024-BIGSIX-327","HET"
"2024-BIGSIX-328","NEG"
"2024-BIGSIX-329","POS"
"2024-BIGSIX-330","NEG"
"2024-BIGSIX-331","POS"
"2024-BIGSIX-332","POS"
"2024-BIGSIX-333","POS"
"2024-BIGSIX-334","NEG"
"2024-BIGSIX-335","POS"
"2024-BIGSIX-336","NEG"
"2024-BIGSIX-337","POS"
"2024-BIGSIX-338","POS"
"2024-BIGSIX-339","POS"
"2024-BIGSIX-340","POS"
"2024-BIGSIX-341","POS"
"2024-BIGSIX-342","POS"
"2024-BIGSIX-343","POS"
"2024-BIGSIX-344","NEG"
"2024-BIGSIX-345","POS"
"2024-BIGSIX-346",NA
"2024-BIGSIX-347","NEG"
"2024-BIGSIX-348","POS"
"2024-BIGSIX-349","POS"
"2024-BIGSIX-350","POS"
"2024-BIGSIX-351","POS"
"2024-BIGSIX-352","POS"
"2024-BIGSIX-353","NEG"
"2024-BIGSIX-354",NA
"2024-BIGSIX-355","HET"
"2024-BIGSIX-356","NEG"
"2024-BIGSIX-357","POS"
"2024-BIGSIX-358","POS"
"2024-BIGSIX-359","HET"
"2024-BIGSIX-360","NEG"
"2024-BIGSIX-401","NEG"
"2024-BIGSIX-402",NA
"2024-BIGSIX-403","HET"
"2024-BIGSIX-404",NA
"2024-BIGSIX-405","POS"
"2024-BIGSIX-406","POS"
"2024-BIGSIX-407","NEG"
"2024-BIGSIX-408","POS"
"2024-BIGSIX-409","HET"
"2024-BIGSIX-410",NA
"2024-BIGSIX-411","HET"
"2024-BIGSIX-412",NA
"2024-BIGSIX-413","POS"
"2024-BIGSIX-414","NEG"
"2024-BIGSIX-415","NEG"
"2024-BIGSIX-416","NEG"
"2024-BIGSIX-417","POS"
"2024-BIGSIX-418",NA
"2024-BIGSIX-419","HET"
"2024-BIGSIX-420",NA
"2024-BIGSIX-421","NEG"
"2024-BIGSIX-422","POS"
"2024-BIGSIX-423","NEG"
"2024-BIGSIX-424",NA
"2024-BIGSIX-425",NA
"2024-BIGSIX-426",NA
"2024-BIGSIX-427","NEG"
"2024-BIGSIX-428","POS"
"2024-BIGSIX-429","POS"
"2024-BIGSIX-430","POS"
"2024-BIGSIX-431","HET"
"2024-BIGSIX-432","POS"
"2024-BIGSIX-433","NEG"
"2024-BIGSIX-434","NEG"
"2024-BIGSIX-435","HET"
"2024-BIGSIX-436","POS"
"2024-BIGSIX-437","POS"
"2024-BIGSIX-438","NEG"
"2024-BIGSIX-439","NEG"
"2024-BIGSIX-440","POS"
"2024-BIGSIX-441","POS"
"2024-BIGSIX-442","POS"
"2024-BIGSIX-443","HET"
"2024-BIGSIX-444","POS"
"2024-BIGSIX-445","NEG"
"2024-BIGSIX-446","NEG"
"2024-BIGSIX-447","NEG"
"2024-BIGSIX-448","NEG"
"2024-BIGSIX-449",NA
"2024-BIGSIX-450",NA
"2024-BIGSIX-451","NEG"
"2024-BIGSIX-452","NEG"
"2024-BIGSIX-453","POS"
"2024-BIGSIX-454","POS"
"2024-BIGSIX-455","POS"
"2024-BIGSIX-456","HET"
"2024-BIGSIX-457","POS"
"2024-BIGSIX-458","NEG"
"2024-BIGSIX-459","NEG"
"2024-BIGSIX-460","HET"
"2024-BIGSIX-461","POS"
"2024-BIGSIX-462","POS"
"2024-BIGSIX-463","POS"
"2024-BIGSIX-464","NEG"
"2024-BIGSIX-465","POS"
"2024-BIGSIX-466","NEG"
"2024-BIGSIX-467","NEG"
"2024-BIGSIX-468","POS"
"2024-BIGSIX-469",NA
"2024-BIGSIX-470","POS"
"2024-BIGSIX-501","POS"
"2024-BIGSIX-502","POS"
"2024-BIGSIX-503","POS"
"2024-BIGSIX-504","POS"
"2024-BIGSIX-505","NEG"
"2024-BIGSIX-506","POS"
"2024-BIGSIX-507","POS"
"2024-BIGSIX-508","POS"
"2024-BIGSIX-509","POS"
"2024-BIGSIX-510","POS"
"2024-BIGSIX-511","NEG"
"2024-BIGSIX-512","POS"
"2024-BIGSIX-513",NA
"2024-BIGSIX-514",NA
"2024-BIGSIX-515","NEG"
"2024-BIGSIX-516","NEG"
"2024-BIGSIX-517","POS"
"2024-BIGSIX-518","POS"
"2024-BIGSIX-519","POS"
"2024-BIGSIX-520","POS"
"2024-BLANK-3",NA
"2024-BIGSIX-601","POS"
"2024-BIGSIX-602",NA
"2024-BIGSIX-603","NEG"
"2024-BIGSIX-604","POS"
"2024-BIGSIX-605","POS"
"2024-BIGSIX-606","POS"
"2024-BIGSIX-607","HET"
"2024-BIGSIX-608","POS"
"2024-BIGSIX-609","NEG"
"2024-BIGSIX-610","POS"
"2024-BIGSIX-611","NEG"
"2024-BIGSIX-612","POS"
"2024-BIGSIX-613","HET"
"2024-BIGSIX-614","POS"
"2024-BIGSIX-615","POS"
"2024-BIGSIX-616","NEG"
"2024-BIGSIX-617","POS"
"2024-BIGSIX-618","POS"
"2024-BIGSIX-619","POS"
"2024-BIGSIX-620","POS"
"2024-BIGSIX-621","POS"
"2024-BIGSIX-622","POS"
"2024-BIGSIX-623","POS"
"2024-BIGSIX-624","POS"
"2024-BIGSIX-625","HET"
"2024-BIGSIX-626","POS"
"2024-BIGSIX-627","POS"
"2024-BIGSIX-628","POS"
"2024-BIGSIX-629","POS"
"2024-BIGSIX-630","POS"
"2024-BIGSIX-631","POS"
"2024-BIGSIX-632","POS"
"2024-BIGSIX-633","POS"
"2024-BIGSIX-634","POS"
"2024-BIGSIX-635","NEG"
"2024-BIGSIX-636","POS"
"2024-BIGSIX-637","POS"
"2024-BIGSIX-638","POS"
"2024-BIGSIX-639","HET"
"2024-BIGSIX-640","POS"
"2024-BIGSIX-641","POS"
"2024-BIGSIX-642","NEG"
"2024-BIGSIX-643","NEG"
"2024-BIGSIX-644","NEG"
"2024-BIGSIX-645","NEG"
"2024-BIGSIX-646",NA
"2024-BIGSIX-647","POS"
"2024-BIGSIX-648","POS"
"2024-BIGSIX-649","POS"
"2024-BIGSIX-650",NA
"2024-BIGSIX-651",NA
"2024-BIGSIX-652","POS"
"2024-BIGSIX-653","NEG"
"2024-BIGSIX-654",NA
"2024-BIGSIX-655",NA
"2024-BIGSIX-656","POS"
"2024-BIGSIX-657","POS"
"2024-BIGSIX-658","POS"
"2024-BIGSIX-659",NA
"2024-BIGSIX-660","NEG"
"2024-BIGSIX-661","NEG"
"2024-BIGSIX-662",NA
"2024-BIGSIX-663","POS"
"2024-BIGSIX-664","POS"
"2024-BIGSIX-665","POS"
"2024-BIGSIX-666","NEG"
"2024-BIGSIX-667","NEG"
"2024-BIGSIX-668","POS"
"2024-BIGSIX-669",NA
"2024-BIGSIX-670","NEG"
"2024-MDXN-1","NEG"
"2024-MDXN-2","NEG"
"2024-MDXN-3","NEG"
"2024-MDXN-4","POS"
"2024-MDXN-5","POS"
"2024-MDXN-6","POS"
"2024-MDXN-7","NEG"
"2024-MDXN-8","NEG"
"2024-MDXN-9","NEG"
"2024-MDXN-10",NA
"2024-MDXN-11","POS"
"2024-MDXN-12","POS"
"2024-MDXN-13","NEG"
"2024-MDXN-14","NEG"
"2024-MDXN-15","POS"
"2024-MDXN-16","POS"
"2024-MDXN-17","POS"
"2024-MDXN-18","POS"
"2024-MDXN-19","POS"
"2024-MDXN-20","POS"
"2024-MDXN-21","NEG"
"2024-MDXN-22",NA
"2024-MDXN-23",NA
"2024-MDXN-24","POS"
"2024-BLANK-4",NA
"2024-MDXN-25","NEG"
"2024-MDXN-26","POS"
"2024-MDXN-27","NEG"
"2024-MDXN-28","NEG"
"2024-MDXN-29","NEG"
"2024-MDXN-30","NEG"
"2024-MDXN-31","NEG"
"2024-MDXN-32","NEG"
"2024-MDXN-33","NEG"
"2024-MDXN-34","NEG"
"2024-MDXN-35",NA
"2024-MDXN-36","POS"
"2024-MDXN-37","NEG"
"2024-MDXN-38","HET"
"2024-MDXN-39",NA
"2024-MDXN-40","NEG"
"2024-MDXN-41","NEG"
"2024-MDXN-42",NA
"2024-MDXN-43",NA
"2024-MDXN-44","NEG"
"2024-MDXN-45","POS"
"2024-MDXN-46","NEG"
"2024-MDXN-47","POS"
"2024-MDXN-48","NEG"
"2024-MDXN-49","NEG"
"2024-MDXN-50","POS"
"2024-MDXN-51","NEG"
"2024-MDXN-52","NEG"
"2024-MDXN-53","POS"
"2024-MDXN-54","NEG"
"2024-MDXN-55","POS"
"2024-MDXN-56","POS"
"2024-MDXN-57","NEG"
"2024-MDXN-58","NEG"
"2024-MDXN-59","NEG"
"2024-MDXN-60","POS"
"2024-MDXN-61","NEG"
"2024-MDXN-62","POS"
"2024-MDXN-63","NEG"
"2024-MDXN-64","NEG"
"2024-MDXN-65",NA
"2024-MDXN-66",NA
"2024-MDXN-67",NA
"2024-MDXN-68",NA
"2024-MDXN-69",NA
"2024-MDXN-70",NA
"2024-MDXN-71","NEG"
"2024-MDXN-72","NEG"
"2024-MDXN-73","NEG"
"2024-MDXN-74","NEG"
"2024-MDXN-75","NEG"
"2024-MDXN-76","NEG"
"2024-MDXN-77",NA
"2024-MDXN-78","NEG"
"2024-MDXN-79",NA
"2024-MDXN-80",NA
"2024-GAWN-1",NA
"2024-GAWN-2","NEG"
"2024-GAWN-3","NEG"
"2024-GAWN-4","POS"
"2024-GAWN-5",NA
"2024-GAWN-6",NA
"2024-GAWN-7","HET"
"2024-GAWN-8","POS"
"2024-GAWN-9","NEG"
"2024-GAWN-10","NEG"
"2024-GAWN-11","NEG"
"2024-GAWN-12","NEG"
"2024-GAWN-13","NEG"
"2024-GAWN-14","POS"
"2024-GAWN-15","NEG"
"2024-GAWN-16","NEG"
"2024-GAWN-17","NEG"
"2024-GAWN-18","POS"
"2024-GAWN-19","POS"
"2024-GAWN-20","NEG"
"2024-GAWN-21","NEG"
"2024-GAWN-22","HET"
"2024-GAWN-23",NA
"2024-GAWN-24",NA
"2024-GAWN-25","NEG"
"2024-GAWN-26",NA
"2024-GAWN-27","POS"
"2024-GAWN-28","NEG"
"2024-GAWN-29","NEG"
"2024-GAWN-30","NEG"
"2024-GAWN-31","POS"
"2024-GAWN-32","POS"
"2024-GAWN-33","POS"
"2024-GAWN-34","NEG"
"2024-GAWN-35","NEG"
"2024-GAWN-36","NEG"
"2024-GAWN-37","NEG"
"2024-GAWN-38","NEG"
"2024-GAWN-39",NA
"2024-GAWN-40","NEG"
"2024-GAWN-41","NEG"
"2024-GAWN-42","POS"
"2024-GAWN-43","NEG"
"2024-GAWN-44","NEG"
"2024-GAWN-45",NA
"2024-GAWN-46","POS"
"2024-GAWN-47",NA
"2024-GAWN-48","NEG"
"2024-GAWN-49","NEG"
"2024-GAWN-50","NEG"
"2024-GAWN-51",NA
"2024-GAWN-52","POS"
"2024-GAWN-53","NEG"
"2024-GAWN-54","NEG"
"2024-GAWN-55","POS"
"2024-GAWN-56","NEG"
"2024-GAWN-57","NEG"
"2024-GAWN-58","NEG"
"2024-GAWN-59","NEG"
"2024-GAWN-60","NEG"
"2024-BLANK-5",NA
"2024-SUNWHEAT-1","POS"
"2024-SUNWHEAT-2",NA
"2024-SUNWHEAT-3","NEG"
"2024-SUNWHEAT-4","NEG"
"2024-SUNWHEAT-5","NEG"
"2024-SUNWHEAT-6","NEG"
"2024-SUNWHEAT-7",NA
"2024-SUNWHEAT-8","NEG"
"2024-SUNWHEAT-9","NEG"
"2024-SUNWHEAT-10","NEG"
"2024-SUNWHEAT-11",NA
"2024-SUNWHEAT-12",NA
"2024-SUNWHEAT-13",NA
"2024-SUNWHEAT-14",NA
"2024-SUNWHEAT-15","NEG"
"2024-SUNWHEAT-16","NEG"
"2024-SUNWHEAT-17","POS"
"2024-SUNWHEAT-18","NEG"
"2024-SUNWHEAT-19",NA
"2024-SUNWHEAT-20","POS"
"2024-SUNWHEAT-21","POS"
"2024-SUNWHEAT-22","NEG"
"2024-SUNWHEAT-23",NA
"2024-NUWWSN-23","NEG"
"2024-NUWWSN-24","POS"
"2024-NUWWSN-25","NEG"
"2024-NUWWSN-26","NEG"
"2024-NUWWSN-27","NEG"
"2024-NUWWSN-28","NEG"
"2024-NUWWSN-29","NEG"
"2024-NUWWSN-30","NEG"
"2024-NUWWSN-31","NEG"
"2024-NUWWSN-32","NEG"
"2024-NUWWSN-33","POS"
"2024-NUWWSN-34","NEG"
"2024-NUWWSN-35","NEG"
"2024-NUWWSN-36","HET"
"2024-NUWWSN-37",NA
"2024-NUWWSN-38","NEG"
"2024-NUWWSN-39","NEG"
"2024-NUWWSN-40","POS"
"2024-NUWWSN-41",NA
"2024-NUWWSN-42",NA
"2024-NUWWSN-43",NA
"2024-NUWWSN-44","NEG"
"2024-NUWWSN-45","NEG"
"2024-NUWWSN-46",NA
"2024-NUWWSN-47",NA
"2024-PNUWWSN-1","HET"
"2024-PNUWWSN-2","NEG"
"2024-PNUWWSN-3",NA
"2024-PNUWWSN-4","NEG"
"2024-PNUWWSN-5","NEG"
"2024-PNUWWSN-6","NEG"
"2024-PNUWWSN-7","NEG"
"2024-PNUWWSN-8","NEG"
"2024-PNUWWSN-9","HET"
"2024-PNUWWSN-10","POS"
"2024-PNUWWSN-11","POS"
"2024-PNUWWSN-12","NEG"
"2024-PNUWWSN-13","HET"
"2024-PNUWWSN-14",NA
"2024-PNUWWSN-15","POS"
"2024-PNUWWSN-16","NEG"
"2024-PNUWWSN-17","POS"
"2024-PNUWWSN-18","NEG"
"2024-PNUWWSN-19","POS"
"2024-PNUWWSN-20","POS"
"2024-PNUWWSN-21","NEG"
"2024-PNUWWSN-22","POS"
"2024-PNUWWSN-23","NEG"
"2024-PNUWWSN-24","NEG"
"2024-PNUWWSN-25","POS"
"2024-PNUWWSN-26","HET"
"2024-PNUWWSN-27",NA
"2024-PNUWWSN-28","POS"
"2024-PNUWWSN-29","NEG"
"2024-PNUWWSN-30","NEG"
"2024-PNUWWSN-31","POS"
"2024-PNUWWSN-32","HET"
"2024-PNUWWSN-33","POS"
"2024-PNUWWSN-34","POS"
"2024-PNUWWSN-35","POS"
"2024-PNUWWSN-36","NEG"
"2024-PNUWWSN-37","POS"
"2024-PNUWWSN-38","POS"
"2024-PNUWWSN-39","NEG"
"2024-PNUWWSN-40",NA
"2024-BLANK-7",NA
"2024-SUWWSN-1",NA
"2024-SUWWSN-2",NA
"2024-SUWWSN-3","NEG"
"2024-SUWWSN-4",NA
"2024-SUWWSN-5","NEG"
"2024-SUWWSN-6","POS"
"2024-SUWWSN-7","NEG"
"2024-SUWWSN-8","NEG"
"2024-SUWWSN-9","NEG"
"2024-SUWWSN-10",NA
"2024-SUWWSN-11","NEG"
"2024-SUWWSN-12","NEG"
"2024-SUWWSN-13","POS"
"2024-SUWWSN-14","NEG"
"2024-SUWWSN-15","POS"
"2024-SUWWSN-16","POS"
"2024-SUWWSN-17","POS"
"2024-SUWWSN-18","POS"
"2024-SUWWSN-19","POS"
"2024-SUWWSN-20","NEG"
"2024-SUWWSN-21",NA
"2024-SUWWSN-22","NEG"
"2024-SUWWSN-23",NA
"2024-SUWWSN-24",NA
"2024-SUWWSN-25","POS"
"2024-SUWWSN-26","POS"
"2024-SUWWSN-27","NEG"
"2024-SUWWSN-28","POS"
"2024-SUWWSN-29","POS"
"2024-SUWWSN-30","NEG"
"2024-SUNWHEAT-24","POS"
"2024-SUNWHEAT-25","NEG"
"2024-SUNWHEAT-26","POS"
"2024-SUNWHEAT-27","POS"
"2024-SUNWHEAT-28",NA
"2024-SUNWHEAT-29","POS"
"2024-SUNWHEAT-30","NEG"
"2024-SUNWHEAT-31","POS"
"2024-SUNWHEAT-32","NEG"
"2024-SUNWHEAT-33","NEG"
"2024-SUNWHEAT-34","NEG"
"2024-SUNWHEAT-35","NEG"
"2024-SUNWHEAT-36","NEG"
"2024-SUNWHEAT-37","NEG"
"2024-SUNWHEAT-38",NA
"2024-SUNWHEAT-39","NEG"
"2024-SUNWHEAT-40","POS"
"2024-SUNWHEAT-41","NEG"
"2024-SUNWHEAT-42",NA
"2024-SUNWHEAT-43",NA
"2024-SUNWHEAT-44","NEG"
"2024-SUNWHEAT-45","NEG"
"2024-SUNWHEAT-46","NEG"
"2024-SUNWHEAT-47","NEG"
"2024-SUNWHEAT-48","NEG"
"2024-SUNWHEAT-49","NEG"
"2024-SUNWHEAT-50","NEG"
"2024-SUNWHEAT-51","POS"
"2024-SUNWHEAT-52","NEG"
"2024-SUNWHEAT-53","NEG"
"2024-SUNWHEAT-54","HET"
"2024-SUNWHEAT-55","HET"
"2024-SUNWHEAT-56","NEG"
"2024-SUNWHEAT-57","NEG"
"2024-SUNWHEAT-58","NEG"
"2024-SUNWHEAT-59","HET"
"2024-SUNWHEAT-60","NEG"
"2024-SUNWHEAT-61","POS"
"2024-SUNWHEAT-62","NEG"
"2024-SUNWHEAT-63","POS"
"2024-SUNWHEAT-64",NA
"2024-SUNWHEAT-65","NEG"
"2024-SUNWHEAT-66","NEG"
"2024-SUNWHEAT-67","NEG"
"2024-SUNWHEAT-68",NA
"2024-SUNWHEAT-69","NEG"
"2024-SUNWHEAT-70","NEG"
"2024-SUNWHEAT-71","NEG"
"2024-SUNWHEAT-72","NEG"
"2024-SUNWHEAT-73","NEG"
"2024-SUNWHEAT-74","NEG"
"2024-SUNWHEAT-75","NEG"
"2024-SUNWHEAT-76","NEG"
"2024-SUNWHEAT-77","NEG"
"2024-SUNWHEAT-78","NEG"
"2024-SUNWHEAT-79",NA
"2024-SUNWHEAT-80","NEG"
"2024-SUNWHEAT-81","NEG"
"2024-SUNWHEAT-82","POS"
"2024-SUNWHEAT-83","POS"
"2024-SUNWHEAT-84","POS"
"2024-SUNWHEAT-85","NEG"
"2024-SUNWHEAT-86","NEG"
"2024-SUNWHEAT-87","NEG"
"2024-SUNWHEAT-88","NEG"
"2024-SUNWHEAT-89","NEG"
"2024-SUNWHEAT-90","POS"
"2024-SUNWHEAT-91","NEG"
"2024-SUNWHEAT-92","NEG"
"2024-SUNWHEAT-93","POS"
"2024-SUNWHEAT-94","NEG"
"2024-SUNWHEAT-95","POS"
"2024-SUNWHEAT-96","NEG"
"2024-BLANK-6",NA
"2024-NUWWSN-1","NEG"
"2024-NUWWSN-2","NEG"
"2024-NUWWSN-3",NA
"2024-NUWWSN-4","NEG"
"2024-NUWWSN-5","POS"
"2024-NUWWSN-6","HET"
"2024-NUWWSN-7","NEG"
"2024-NUWWSN-8","POS"
"2024-NUWWSN-9","POS"
"2024-NUWWSN-10",NA
"2024-NUWWSN-11","POS"
"2024-NUWWSN-12",NA
"2024-NUWWSN-13","POS"
"2024-NUWWSN-14","POS"
"2024-NUWWSN-15","POS"
"2024-NUWWSN-16","POS"
"2024-NUWWSN-17","POS"
"2024-NUWWSN-18","NEG"
"2024-NUWWSN-19","POS"
"2024-NUWWSN-20","POS"
"2024-NUWWSN-21","NEG"
"2024-NUWWSN-22","POS"
"2024-SUWWSN-31","POS"
"2024-SUWWSN-32","NEG"
"2024-SUWWSN-33","POS"
"2024-SUWWSN-34","POS"
"2024-SUWWSN-35","POS"
"2024-SUWWSN-36","NEG"
"2024-SUWWSN-37","POS"
"2024-SUWWSN-38","POS"
"2024-SUWWSN-39","NEG"
"2024-SUWWSN-40","NEG"
"2024-SUWWSN-41","POS"
"2024-SUWWSN-42","NEG"
"2024-SUWWSN-43","NEG"
"2024-SUWWSN-44","NEG"
"2024-SUWWSN-45","HET"
"2024-SUWWSN-46","NEG"
"2024-SUWWSN-47","NEG"
"2024-SUWWSN-48","NEG"
"2024-SUWWSN-49","POS"
"2024-SUWWSN-50","NEG"
"2024-SUWWSN-51","NEG"
"2024-SUWWSN-52","NEG"
"2024-SUWWSN-53","NEG"
"2024-SUWWSN-54","NEG"
"2024-SUWWSN-55","NEG"
"2024-SUWWSN-56","POS"
"2024-SUWWSN-57","NEG"
"2024-SUWWSN-58","NEG"
"2024-SUWWSN-59","NEG"
"2024-BLANK-8",NA
"2024-UBWT-1",NA
"2024-UBWT-2",NA
"2024-UBWT-3",NA
"2024-UBWT-4",NA
"2024-UBWT-5",NA
"2024-UBWT-6",NA
"2024-UBWT-7","NEG"
"2024-UBWT-8",NA
"2024-UBWT-9","NEG"
"2024-UBWT-10",NA
"2024-UBWT-11",NA
"2024-UBWT-12",NA
"2024-UBWT-13",NA
"2024-UBWT-14",NA
"2024-UBWT-15",NA
"2024-UBWT-16",NA
"2024-UBWT-17","NEG"
"2024-UBWT-18","NEG"
"2024-UBWT-19",NA
"2024-UBWT-20",NA
"2024-UBWT-21","NEG"
"2024-UBWT-22","NEG"
"2024-UBWT-23","NEG"
"2024-UBWT-24",NA
"2024-UBWT-25","NEG"
"2024-UBWT-26","NEG"
"2024-UBWT-27","NEG"
"2024-UBWT-28",NA
"2024-UBWT-29",NA
"2024-UBWT-30",NA
"2024-SUNPRE-1","NEG"
"2024-SUNPRE-2","NEG"
"2024-SUNPRE-3","NEG"
"2024-SUNPRE-4","POS"
"2024-SUNPRE-5",NA
"2024-SUNPRE-6",NA
"2024-SUNPRE-7",NA
"2024-SUNPRE-8","POS"
"2024-SUNPRE-9","POS"
"2024-SUNPRE-10","NEG"
"2024-SUNPRE-11","NEG"
"2024-SUNPRE-12","NEG"
"2024-SUNPRE-13",NA
"2024-SUNPRE-14","NEG"
"2024-SUNPRE-15","NEG"
"2024-SUNPRE-16","NEG"
"2024-SUNPRE-17","NEG"
"2024-SUNPRE-18","NEG"
"2024-SUNPRE-19","NEG"
"2024-SUNPRE-20","NEG"
"2024-SUNPRE-21","NEG"
"2024-SUNPRE-22","NEG"
"2024-SUNPRE-23",NA
"2024-SUNPRE-24","NEG"
"2024-SUNPRE-25","NEG"
"2024-SUNPRE-26","NEG"
"2024-SUNPRE-27","NEG"
"2024-SUNPRE-28","POS"
"2024-SUNPRE-29","POS"
"2024-SUNPRE-30","NEG"
"2024-SUNPRE-31",NA
"2024-SUNPRE-32","NEG"
"2024-SUNPRE-33","NEG"
"2024-SUNPRE-34","NEG"
"2024-SUNPRE-35",NA
"2024-SUNPRE-36","NEG"
"2024-SUNPRE-37","NEG"
"2024-SUNPRE-38","NEG"
"2024-SUNPRE-39","NEG"
"2024-SUNPRE-40","NEG"
"2024-SUNPRE-41","NEG"
"2024-SUNPRE-42","POS"
"2024-SUNPRE-43","POS"
"2024-SUNPRE-44","POS"
"2024-SUNPRE-45","POS"
"2024-SUNPRE-46","NEG"
"2024-BLANK-9",NA
"2024-SUNPRE-47",NA
"2024-SUNPRE-48","POS"
"2024-SUNPRE-49",NA
"2024-SUNPRE-50","POS"
"2024-SUNPRE-51","POS"
"2024-SUNPRE-52",NA
"2024-SUNPRE-53","NEG"
"2024-SUNPRE-54",NA
"2024-SUNPRE-55","NEG"
"2024-SUNPRE-56","NEG"
"2024-SUNPRE-57","NEG"
"2024-SUNPRE-58","NEG"
"2024-SUNPRE-59","POS"
"2024-SUNPRE-60","NEG"
"2024-SUNPRE-61","NEG"
"2024-SUNPRE-62",NA
"2024-SUNPRE-63","NEG"
"2024-SUNPRE-64","POS"
"2024-SUNPRE-65","NEG"
"2024-SUNPRE-66","POS"
"2024-SUNPRE-67","POS"
"2024-SUNPRE-68","POS"
"2024-SUNPRE-69","POS"
"2024-SUNPRE-70",NA
"2024-SUNPRE-71","HET"
"2024-SUNPRE-72","POS"
"2024-SUNPRE-73","POS"
"2024-SUNPRE-74",NA
"2024-SUNPRE-75","NEG"
"2024-SUNPRE-76","POS"
"2024-SUNPRE-77",NA
"2024-SUNPRE-78",NA
"2024-SUNPRE-79","NEG"
"2024-SUNPRE-80","POS"
"2024-SUNPRE-81","NEG"
"2024-SUNPRE-82","NEG"
"2024-SUNPRE-83","POS"
"2024-SUNPRE-84",NA
"2024-SUNPRE-85","NEG"
"2024-SUNPRE-86",NA
"2024-SUNPRE-87","POS"
"2024-SUNPRE-88","NEG"
"2024-SUNPRE-89",NA
"2024-SUNPRE-90","NEG"
"2024-SUNPRE-91","NEG"
"2024-SUNPRE-92","NEG"
"2024-SUNPRE-93","NEG"
"2024-SUNPRE-94","NEG"
"2024-SUNPRE-95","NEG"
"2024-SUNPRE-96",NA
"2024-SUNPRE-97",NA
"2024-SUNPRE-98",NA
"2024-SUNPRE-99","NEG"
"2024-SUNPRE-100","NEG"
"2024-SUNPRE-101","NEG"
"2024-SUNPRE-102",NA
"2024-SUNPRE-103","NEG"
"2024-SUNPRE-104","POS"
"2024-SUNPRE-105","NEG"
"2024-SUNPRE-106","NEG"
"2024-SUNPRE-107","NEG"
"2024-SUNPRE-108","POS"
"2024-SUNPRE-109","NEG"
"2024-SUNPRE-110",NA
"2024-SUNPRE-111","NEG"
"2024-SUNPRE-112",NA
"2024-SUNPRE-113","POS"
"2024-SUNPRE-114","POS"
"2024-SUNPRE-115","NEG"
"2024-SUNPRE-116","POS"
"2024-SUNPRE-117","NEG"
"2024-SUNPRE-118",NA
"2024-SUNPRE-119","NEG"
"2024-SUNPRE-120","NEG"
"2024-SUNPRE-121","NEG"
"2024-SUNPRE-122","NEG"
"2024-SUNPRE-123","NEG"
"2024-SUNPRE-124","NEG"
"2024-SUNPRE-125","NEG"
"2024-SUNPRE-126",NA
"2024-SUNPRE-127","POS"
"2024-SUNPRE-128","POS"
"2024-SUNPRE-129","NEG"
"2024-SUNPRE-130","POS"
"2024-SUNPRE-131","POS"
"2024-SUNPRE-132","POS"
"2024-SUNPRE-133","NEG"
"2024-SUNPRE-134","NEG"
"2024-SUNPRE-135","NEG"
"2024-SUNPRE-136","NEG"
"2024-SUNPRE-137","NEG"
"2024-SUNPRE-138","NEG"
"2024-SUNPRE-139","NEG"
"2024-SUNPRE-140",NA
"2024-SUNPRE-141","NEG"
"2024-SUNPRE-142","NEG"
"2024-SUNPRE-143",NA
"2024-SUNPRE-144",NA
"2024-SUNPRE-145","NEG"
"2024-SUNPRE-146",NA
"2024-SUNPRE-147","NEG"
"2024-SUNPRE-148",NA
"2024-SUNPRE-149","NEG"
"2024-SUNPRE-150","NEG"
"2024-SUNPRE-151","POS"
"2024-SUNPRE-152","NEG"
"2024-SUNPRE-153","NEG"
"2024-SUNPRE-154","NEG"
"2024-SUNPRE-155","POS"
"2024-SUNPRE-156","POS"
"2024-SUNPRE-157","NEG"
"2024-SUNPRE-158","NEG"
"2024-SUNPRE-159","NEG"
"2024-SUNPRE-160","NEG"
"2024-SUNPRE-161","NEG"
"2024-SUNPRE-162","POS"
"2024-SUNPRE-163","NEG"
"2024-SUNPRE-164","POS"
"2024-BLANK-10",NA
"2024-SUNPRE-165",NA
"2024-SUNPRE-166","NEG"
"2024-SUNPRE-167",NA
"2024-SUNPRE-168",NA
"2024-SUNPRE-169",NA
"2024-SUNPRE-170","POS"
"2024-SUNPRE-171",NA
"2024-SUNPRE-172","NEG"
"2024-SUNPRE-173","POS"
"2024-SUNPRE-174","POS"
"2024-SUNPRE-175","NEG"
"2024-SUNPRE-176","NEG"
"2024-SUNPRE-177","NEG"
"2024-SUNPRE-178","NEG"
"2024-SUNPRE-179",NA
"2024-SUNPRE-180","POS"
"2024-SUNPRE-181","NEG"
"2024-SUNPRE-182","NEG"
"2024-SUNPRE-183",NA
"2024-SUNPRE-184","POS"
"2024-SUNPRE-185","POS"
"2024-SUNPRE-186","POS"
"2024-SUNPRE-187","NEG"
"2024-SUNPRE-188",NA
"2024-SUNPRE-189",NA
"2024-SUNPRE-190","NEG"
"2024-SUNPRE-191",NA
"2024-SUNPRE-192","NEG"
"2024-SUNPRE-193","NEG"
"2024-SUNPRE-194","NEG"
"2024-SUNPRE-195","NEG"
"2024-SUNPRE-196",NA
"2024-SUNPRE-197","NEG"
"2024-SUNPRE-198","NEG"
"2024-SUNPRE-199","NEG"
"2024-SUNPRE-200",NA
"2024-SUNPRE-201",NA
"2024-SUNPRE-202",NA
"2024-SUNPRE-203","NEG"
"2024-SUNPRE-204","NEG"
"2024-SUNPRE-205","NEG"
"2024-SUNPRE-206","NEG"
"2024-SUNPRE-207","NEG"
"2024-SUNPRE-208","NEG"
"2024-SUNPRE-209","NEG"
"2024-SUNPRE-210","NEG"
"2024-SUNPRE-211","NEG"
"2024-SUNPRE-212","POS"
"2024-SUNPRE-213","NEG"
"2024-SUNPRE-214","NEG"
"2024-SUNPRE-215","POS"
"2024-SUNPRE-216","NEG"
"2024-SUNPRE-217","POS"
"2024-SUNPRE-218","NEG"
"2024-SUNPRE-219","NEG"
"2024-SUNPRE-220","NEG"
"2024-SUNPRE-221","NEG"
"2024-SUNPRE-222","NEG"
"2024-SUNPRE-223","NEG"
"2024-SUNPRE-224","NEG"
"2024-SUNPRE-225","NEG"
"2024-SUNPRE-226","NEG"
"2024-SUNPRE-227","NEG"
"2024-SUNPRE-228","NEG"
"2024-SUNPRE-229",NA
"2024-SUNPRE-230","NEG"
"2024-SUNPRE-231","POS"
"2024-SUNPRE-232","NEG"
"2024-SUNPRE-233",NA
"2024-SUNPRE-234","NEG"
"2024-BLANK-11",NA
"2024-CONTROL-01","NEG"
"2024-CONTROL-02","POS"
"2024-CONTROL-03","NEG"
"2024-CONTROL-04",NA
"2024-CONTROL-05",NA
"2024-CONTROL-06","NEG"
"2024-CONTROL-07","NEG"
"2024-CONTROL-08",NA
"2024-CONTROL-09",NA
"2024-CONTROL-10","NEG"
"2024-CONTROL-11","POS"
"2024-CONTROL-12",NA
"2024-CONTROL-13",NA
"2024-CONTROL-14","NEG"
"2024-CONTROL-15",NA
"2024-CONTROL-16","NEG"
"2024-CONTROL-17",NA
"2024-CONTROL-18","NEG"
"2024-CONTROL-19","NEG"
"2024-CONTROL-20",NA
"2024-CONTROL-21",NA
"2024-CONTROL-22","NEG"
"2024-CONTROL-23",NA
"2024-CONTROL-24","NEG"
"2024-CONTROL-25","NEG"
"2024-CONTROL-26","NEG"
"2024-CONTROL-27","NEG"
"2024-CONTROL-28","NEG"
"2024-CONTROL-29","NEG"
"2024-CONTROL-30","NEG"
"2024-CONTROL-31","NEG"
"2024-CONTROL-32","NEG"
"2024-CONTROL-33","NEG"
"2024-CONTROL-34","NEG"
"2024-CONTROL-35","NEG"
"2024-CONTROL-36","NEG"
"2024-CONTROL-37","NEG"
"2024-CONTROL-38","NEG"
"2024-CONTROL-39",NA
"2024-CONTROL-40","NEG"
"2024-CONTROL-41","NEG"
"2024-CONTROL-42","NEG"
"2024-CONTROL-43","NEG"
"2024-CONTROL-44",NA
"2024-CONTROL-45","NEG"
"2024-CONTROL-46","NEG"
"2024-CONTROL-47","NEG"
"2024-SUNRIL-1","NEG"
"2024-SUNRIL-2","NEG"
"2024-SUNRIL-3","NEG"
"2024-SUNRIL-4","NEG"
"2024-SUNRIL-5","NEG"
"2024-SUNRIL-6","NEG"
"2024-SUNRIL-7","NEG"
"2024-SUNRIL-8","NEG"
"2024-SUNRIL-9",NA
"2024-SUNRIL-10","NEG"
"2024-SUNRIL-11","NEG"
"2024-SUNRIL-12","NEG"
"2024-SUNRIL-13","NEG"
"2024-SUNRIL-14","NEG"
"2024-SUNRIL-15",NA
"2024-SUNRIL-16","NEG"
"2024-SUNRIL-17","NEG"
"2024-SUNRIL-18","NEG"
"2024-SUNRIL-19",NA
"2024-SUNRIL-20","NEG"
"2024-SUNRIL-21","NEG"
"2024-SUNRIL-22","NEG"
"2024-SUNRIL-23","NEG"
"2024-SUNRIL-24","NEG"
"2024-SUNRIL-25","NEG"
"2024-SUNRIL-26","NEG"
"2024-SUNRIL-27","NEG"
"2024-SUNRIL-28","NEG"
"2024-SUNRIL-29","NEG"
"2024-SUNRIL-30","NEG"
"2024-SUNRIL-31","NEG"
"2024-SUNRIL-32","NEG"
"2024-SUNRIL-33","NEG"
"2024-SUNRIL-34","NEG"
"2024-SUNRIL-35","NEG"
"2024-CONTROL-48","HET"
"2024-CONTROL-49","NEG"
"2024-CONTROL-50","NEG"
"2024-CONTROL-51","NEG"
"2024-CONTROL-52","NEG"
"2023-EXOME-III-01","NEG"
"2023-EXOME-III-02","NEG"
"2023-EXOME-III-03",NA
"2023-EXOME-III-04","NEG"
"2023-EXOME-III-05",NA
"2023-EXOME-III-06",NA
"2023-EXOME-III-07",NA
"2023-EXOME-III-08",NA
"2023-EXOME-III-09",NA
"2023-EXOME-III-10","NEG"
"2023-EXOME-III-11","POS"
"2023-EXOME-III-12","POS"
"2023-EXOME-III-13",NA
"2023-EXOME-III-14",NA
"2023-EXOME-III-15","NEG"
"2023-EXOME-III-16",NA
"2023-EXOME-III-17","NEG"
"2023-EXOME-III-18","NEG"
"2023-EXOME-III-19","POS"
"2023-EXOME-III-20","POS"
"2023-EXOME-III-21","POS"
"2023-EXOME-III-22","NEG"
"2023-EXOME-III-23","NEG"
"2023-EXOME-III-24","NEG"
"2023-EXOME-III-25",NA
"2023-EXOME-III-26","POS"
"2023-EXOME-III-27","NEG"
"2023-EXOME-III-28",NA
"2023-EXOME-III-29",NA
"2023-EXOME-III-30",NA
"2023-BLANK-18",NA
"2023-BLANK-19",NA
"2023-EXOME-III-31","NEG"
"2023-EXOME-III-32","NEG"
"2023-EXOME-III-33","NEG"
"2023-EXOME-III-34","NEG"
"2023-EXOME-III-35",NA
"2023-EXOME-III-36",NA
"2023-EXOME-III-37","NEG"
"2023-EXOME-III-38","NEG"
"2023-EXOME-III-39","NEG"
"2023-EXOME-III-40","NEG"
"2023-EXOME-III-41","NEG"
"2023-EXOME-III-42","NEG"
"2023-EXOME-III-43","NEG"
"2023-EXOME-III-44","NEG"
"2023-EXOME-III-45","NEG"
"2023-EXOME-III-46","NEG"
"2024-EXOME-III-47","NEG"
"2024-EXOME-III-48",NA
"2024-EXOME-III-49",NA
"2024-EXOME-III-50",NA
"2024-EXOME-III-51",NA
"2024-EXOME-III-52",NA
"2024-EXOME-III-53",NA
"2024-EXOME-III-54",NA
"2024-CONTROL-53","NEG"
"2024-CONTROL-54",NA
"2024-CONTROL-55","NEG"
"2024-CONTROL-56","NEG"
"2024-CONTROL-57",NA
"2024-CONTROL-58",NA
"2024-CONTROL-59","NEG"
"2024-CONTROL-60",NA
"2024-CONTROL-61",NA
"2024-CONTROL-62",NA
"2024-CONTROL-63","NEG"
"2024-CONTROL-64",NA
"2024-CONTROL-65",NA
"2024-CONTROL-66",NA
"2024-CONTROL-67","NEG"
"2024-CONTROL-68","NEG"
"2024-CONTROL-69","NEG"
"2024-CONTROL-70","NEG"
"2024-CONTROL-71","NEG"
"2024-CONTROL-72",NA
"2024-CONTROL-73",NA
"2024-CONTROL-74",NA
"2024-CONTROL-75",NA
"2024-CONTROL-76","NEG"
"2024-CONTROL-77",NA
"2024-CONTROL-78","NEG"
"2024-CONTROL-79",NA
"2024-CONTROL-80",NA
"2024-CONTROL-81","NEG"
"2024-CONTROL-82",NA
"2024-CONTROL-83",NA
"2024-CONTROL-84",NA
"2024-CONTROL-85",NA
"2024-CONTROL-86","NEG"
"2024-CONTROL-87",NA
"2024-CONTROL-88",NA
"2024-CONTROL-89",NA
"2024-CONTROL-90","NEG"
"2024-CONTROL-91","NEG"
"2024-CONTROL-92",NA
"2024-GAM-GA24HT001","NEG"
"2024-GAM-GA24HT002",NA
"2024-GAM-GA24HT003",NA
"2024-GAM-GA24HT004","NEG"
"2024-GAM-GA24HT005","NEG"
"2024-GAM-GA24HT006",NA
"2024-GAM-GA24HT007",NA
"2024-GAM-GA24HT008",NA
"2024-GAM-GA24HT009","NEG"
"2024-GAM-GA24HT010",NA
"2024-GAM-GA24HT011",NA
"2024-GAM-GA24HT012","POS"
"2024-GAM-GA24HT013","POS"
"2024-GAM-GA24HT014",NA
"2024-GAM-GA24HT015","NEG"
"2024-GAM-GA24HT016","NEG"
"2024-GAM-GA24HT017","HET"
"2024-GAM-GA24HT018","NEG"
"2024-GAM-GA24HT019","NEG"
"2024-GAM-GA24HT020","NEG"
"2024-GAM-GA24HT021",NA
"2024-GAM-GA24HT022","POS"
"2024-GAM-GA24HT023",NA
"2024-GAM-GA24HT024",NA
"2024-GAM-GA24HT025","NEG"
"2024-GAM-GA24HT026","POS"
"2024-GAM-GA24HT027","NEG"
"2024-GAM-GA24HT028","NEG"
"2024-GAM-GA24HT029","NEG"
"2024-GAM-GA24HT030",NA
"2024-GAM-GA24HT031","NEG"
"2024-GAM-GA24HT032",NA
"2024-GAM-GA24HT033",NA
"2024-GAM-GA24HT034","POS"
"2024-GAM-GA24HT035","NEG"
"2024-GAM-GA24HT036","NEG"
"2024-GAM-GA24HT037","NEG"
"2024-GAM-GA24HT038",NA
"2024-GAM-GA24HT039",NA
"2024-GAM-GA24HT040","NEG"
"2024-GAM-GA24HT041","NEG"
"2024-GAM-GA24HT042",NA
"2024-GAM-GA24HT043","NEG"
"2024-GAM-GA24HT044","POS"
"2024-GAM-GA24HT045","NEG"
"2024-GAM-GA24HT046","POS"
"2024-GAM-GA24HT047","NEG"
"2024-GAM-GA24HT048",NA
"2024-GAM-GA24HT049",NA
"2024-GAM-GA24HT050","POS"
"2024-GAM-GA24HT051","POS"
"2024-GAM-GA24HT052",NA
"2024-GAM-GA24HT053","POS"
"2024-GAM-GA24HT054",NA
"2024-GAM-GA24HT055","NEG"
"2024-GAM-GA24HT056",NA
"2024-GAM-GA24HT057",NA
"2024-GAM-GA24HT058",NA
"2024-GAM-GA24HT059","NEG"
"2024-GAM-GA24HT060",NA
"2024-GAM-GA24HT061",NA
"2024-GAM-GA24HT062",NA
"2024-GAM-GA24HT063","NEG"
"2024-GAM-GA24HT064","NEG"
"2024-GAM-GA24HT065","NEG"
"2024-GAM-GA24HT066","NEG"
"2024-GAM-GA24HT067","NEG"
"2024-GAM-GA24HT068","NEG"
"2024-GAM-GA24HT069",NA
"2024-GAM-GA24HT070","NEG"
"2024-GAM-GA24HT071",NA
"2024-GAM-GA24HT072",NA
"2024-GAM-GA24HT073","NEG"
"2024-GAM-GA24HT074","NEG"
"2024-GAM-GA24HT075","NEG"
"2024-GAM-GA24HT076","NEG"
"2024-GAM-GA24HT077",NA
"2024-GAM-GA24HT078",NA
"2024-GAM-GA24HT079",NA
"2024-GAM-GA24HT080","NEG"
"2024-GAM-GA24HT081",NA
"2024-GAM-GA24HT082","NEG"
"2024-GAM-GA24HT083","NEG"
"2024-GAM-GA24HT084",NA
"2024-GAM-GA24HT085",NA
"2024-GAM-GA24HT086","NEG"
"2024-GAM-GA24HT087",NA
"2024-GAM-GA24HT088","NEG"
"2024-GAM-GA24HT089",NA
"2024-BLANK-20",NA
"2024-BLANK-21",NA
"2024-BLANK-22",NA
"2024-BLANK-23",NA
"2024-BLANK-24",NA
"2024-BLANK-25",NA
"2024-BLANK-26",NA
